{"schemaVersion":"1.0","appDefinitionTemplate":{"id":"/providers/Microsoft.PowerApps/apps/","type":"Microsoft.PowerApps/apps","tags":{"primaryDeviceWidth":"1366","primaryDeviceHeight":"768","supportsPortrait":"true","supportsLandscape":"true","primaryFormFactor":"Tablet","showStatusBar":"false","publisherVersion":"3.25032.9","minimumRequiredApiVersion":"2.2.0","hasComponent":"false","hasUnlockedComponent":"false","isUnifiedRootApp":"false","sienaVersion":"20250319T173444Z-3.25032.9.0"},"properties":{"appVersion":"2025-03-19T17:34:44Z","lifeCycleId":"Published","createdByClientVersion":{"major":3,"minor":25032,"build":9,"revision":0,"majorRevision":0,"minorRevision":0},"minClientVersion":{"major":3,"minor":25032,"build":9,"revision":0,"majorRevision":0,"minorRevision":0},"backgroundColor":"RGBA(0,176,240,1)","backgroundImageUri":"/4398134647970079814/Nd14b3da8-5998-40a9-9829-b5aebfebfa75-logoSmallFile","displayName":"Cadastro Produtos","description":"","aiGeneratedDescription":"Discover the potential of our upcoming Cadastro Produtos app. This app is currently in initial development.","commitMessage":"","appUris":{"documentUri":{"value":"/4398134647970079814/N829480cc-7bd0-4e7a-94a8-135ced6682a8-document.msapp"},"imageUris":[],"additionalUris":[{"isSolutionAware":false,"value":"/4398134647970079814/Nb6c70c22-c866-4be2-a128-450746dcb5ad-identity.json"}]},"createdTime":"0001-01-01T00:00:00Z","lastModifiedTime":"0001-01-01T00:00:00Z","sharedGroupsCount":0,"sharedUsersCount":0,"connectionReferences":{},"databaseReferences":{},"almMode":"Environment","performanceOptimizationEnabled":true,"canConsumeAppPass":false,"enableModernRuntimeMode":false,"executionRestrictions":{"isTeamsOnly":false,"dataLossPreventionEvaluationResult":{"status":"Compliant","lastEvaluationDate":"2025-03-19T17:34:48.4102402Z","violations":[],"violationsByPolicy":[],"violationErrorMessage":"O aplicativo usa os seguintes conectores: ."}}},"isAppComponentLibrary":false,"appType":"ClassicCanvasApp","appComponents":[]}}